Yield,All,>3l,1_SFOS,Z_window,passTrig,no_fwde_lowptm,e_fwd,e_fwd_1,m_lowpt,m_lowpt_1,>6l,6l,5l,4l,All,1_SFOS,2_SFOS_>6l,2_SFOS_=6l,ee_before,mm_before,em_before,3_SFOS_before,Z3_40GeV,3_SFOS_after,passTrig,no_fwde_lowptm,e_fwd,e_fwd_1,m_lowpt,m_lowpt_1,ee_after,mm_after,em_after,ZZZ_>6l,ZZZ_6l,>=5l,2_SFOS,Z_window,B_veto60,B_veto70,B_veto77,B_veto85,passTrig,no_fwde_lowptm,e_fwd,e_fwd_1,m_lowpt,m_lowpt_1,WZZ_>6l,WZZ_6l,WZZ_5l,>=4l,Dilepton,B_veto60,B_veto70,B_veto77,B_veto85,passTrig,no_fwde_lowptm,e_fwd,e_fwd_1,m_lowpt,m_lowpt_1,WWZ_>6l,WWZ_6l,WWZ_5l,WWZ_4l,WWZ_SF_noZ,WWZ_SF_noZ_base,WWZ_SF_noZ_fwde,WWZ_SF_noZ_lowptm,WWZ_SF_inZ,WWZ_SF_inZ_base,WWZ_SF_inZ_fwde,WWZ_SF_inZ_lowptm,WWZ_em,WWZ_em_base,WWZ_em_fwde,WWZ_em_lowptm
llll,33721.47134 ,10422.63846 ,10102.77966 ,6204.629127 ,5999.275468 ,4844.132226 ,565.4116285 ,511.7341228 ,841.2508262 ,715.9286586 ,0.2592000984 ,4.903126363 ,181.7149394 ,6017.751861 ,5.29321225 ,0.2812319295 ,0.1519803875 ,3.668862317 ,2.533291434 ,0.0990572707 ,1.036513612 ,0.7766266903 ,0.7141952774 ,0.1344001524 ,0.13278813 ,0.01679246031 ,0.1129553363 ,0.1057193724 ,0.008762037382 ,0.008335419378 ,0.2749940921 ,0.004737124487 ,0.3000639085 ,0.01514796676 ,0.6990473106 ,186.0626666 ,169.0381091 ,79.35447705 ,77.38161871 ,76.7701637 ,75.9803422 ,73.41702154 ,75.72212056 ,15.94038894 ,51.98608462 ,49.687176 ,8.492339831 ,8.384604367 ,0.05101432466 ,1.822595674 ,77.48086705 ,6122.238373 ,4460.735405 ,4391.222475 ,4365.056707 ,4325.832826 ,4209.911609 ,4388.04676 ,3878.713242 ,447.6546006 ,394.7083367 ,156.186799 ,152.9311821 ,0.140278089 ,0.9682570725 ,51.25875678 ,4408.368113 ,1716.993049 ,1427.986408 ,187.5973734 ,104.5612909 ,2383.433081 ,2244.607497 ,131.5631381 ,7.627499908 ,224.2566961 ,89.26633509 ,113.6938885 ,38.75721058 
ggllll_130M4l,647.0143492 ,286.2539002 ,278.2805328 ,273.0608673 ,271.1352749 ,247.8385955 ,20.37658107 ,18.93329987 ,5.233349033 ,5.162041572 ,0.004764576262 ,0.2342493937 ,8.936644351 ,263.885209 ,0.2451182756 ,0.005178382172 ,0.00383089556 ,0.1885386829 ,0.1363737031 ,0.00481834184 ,0.04734663793 ,0.03556880068 ,0.04048044523 ,0.007351574786 ,0.007351574786 ,0.001461025066 ,0.005890549721 ,0.005877588352 ,0 ,0 ,0.016368506 ,0 ,0.01676036445 ,0.0004062831867 ,0.04007416205 ,9.133819536 ,8.421929757 ,6.405311205 ,6.300907126 ,6.262915889 ,6.191929111 ,5.984647802 ,6.168684376 ,1.297206923 ,4.138780192 ,3.977302404 ,0.7984473594 ,0.7933103487 ,0.001875057824 ,0.1372812045 ,6.266154943 ,266.4459492 ,256.0523222 ,253.0882463 ,251.6927 ,249.3000933 ,241.7631593 ,254.2737787 ,236.6082274 ,16.03766994 ,14.6839344 ,3.710007397 ,3.680450725 ,0.001930443334 ,0.03388829446 ,2.11951135 ,253.8969921 ,70.08749724 ,62.19658835 ,6.057850321 ,1.902312635 ,169.6337806 ,163.4541226 ,5.69665228 ,0.5025509905 ,9.541672737 ,4.949652124 ,3.647600956 ,1.13927228 
WWZ_4l2v,119.7287083 ,42.70967471 ,41.08333429 ,38.22172132 ,38.00153631 ,34.222455 ,3.206163573 ,3.023255951 ,0.8398684046 ,0.8374849035 ,0 ,0.04205027389 ,1.1725096 ,37.00716144 ,0.04308148867 ,0.009479501692 ,0 ,0.03036751359 ,0.02332241336 ,0 ,0.007045100234 ,0.001728419495 ,0.01132535828 ,8.905928189e-05 ,8.905928189e-05 ,3.498986553e-05 ,5.406941636e-05 ,5.406941636e-05 ,0 ,0 ,0.006919172447 ,0 ,0.004317126552 ,0 ,0.01132535828 ,1.202886748 ,0.8436708346 ,0.138135625 ,0.1320277027 ,0.1302657102 ,0.1247965705 ,0.1193333429 ,0.1246446537 ,0.02703705175 ,0.08142282731 ,0.07791345111 ,0.01936051022 ,0.01936051022 ,0 ,0.003417738073 ,0.1347178869 ,38.06875162 ,36.4664949 ,35.99206239 ,35.70063119 ,35.23288862 ,33.59904151 ,36.25824708 ,32.68880758 ,3.107376828 ,2.925681276 ,0.7097486312 ,0.7074265379 ,0 ,0.0241997764 ,0.950938949 ,35.49135617 ,15.75432939 ,14.09897206 ,1.384793733 ,0.2838031757 ,1.696819852 ,1.524181967 ,0.1595434435 ,0.01403950297 ,17.77586892 ,16.00346566 ,1.427538288 ,0.3681121061 
WZZ_5l1v,16.79904347 ,9.312786171 ,9.001633669 ,8.720270719 ,8.686781377 ,7.83681903 ,0.7056532582 ,0.6467482625 ,0.1908674229 ,0.1896171842 ,0.003643140065 ,0.09748854852 ,3.11955932 ,5.499579711 ,0.1041610594 ,0.002655288605 ,0.002176056232 ,0.07055400713 ,0.02425193867 ,0.004223113559 ,0.0420789549 ,0.02229066192 ,0.06516807159 ,0.01499194542 ,0.01499194542 ,0.003776001758 ,0.01009553666 ,0.009346948051 ,0.001236367752 ,0.001236367752 ,0.01718223427 ,0.001799000786 ,0.0311948911 ,0.0007322794054 ,0.06443579218 ,3.153178508 ,2.85439602 ,2.333540308 ,2.298030871 ,2.277898408 ,2.246641081 ,2.143990515 ,2.244971334 ,2.091806815 ,0.1190594707 ,0.112734555 ,0.03644476318 ,0.03631361776 ,0.001973623171 ,0.02186698628 ,2.309699699 ,6.226435629 ,5.970020563 ,5.876691438 ,5.791337499 ,5.596191555 ,5.068570417 ,5.940388002 ,5.309882217 ,0.5452875154 ,0.4918218058 ,0.1253756688 ,0.1249213459 ,0.0004369815024 ,0.007035456266 ,0.6711620672 ,5.291386058 ,2.146153026 ,1.880472697 ,0.213532356 ,0.05455326781 ,1.588087498 ,1.491849883 ,0.09016640698 ,0.006907738418 ,1.853484283 ,1.604550895 ,0.2024943772 ,0.05296540669 
ZZZ_6l0v,1.516698997 ,1.064789234 ,1.03303701 ,1.01460044 ,1.011676834 ,0.9125185825 ,0.0821455112 ,0.07323556518 ,0.02148448785 ,0.02132847886 ,0.00584151674 ,0.1899012127 ,0.3251844196 ,0.4936732913 ,0.2008548732 ,0.0005437974326 ,0.0004913506978 ,0.02207870314 ,0.01281259423 ,0.0002458628209 ,0.009020246088 ,0.1633294438 ,0.1737029997 ,0.156859019 ,0.156859019 ,0.147078531 ,0.008200066712 ,0.007820652219 ,0.001636959977 ,0.001636959977 ,0.01184698284 ,0.000121116509 ,0.004875881359 ,0.004734937177 ,0.1689680625 ,0.3384699593 ,0.3097755068 ,0.2538956801 ,0.2514202097 ,0.2487015272 ,0.2421088708 ,0.2223360488 ,0.2416079329 ,0.2195192453 ,0.01710379183 ,0.01588530496 ,0.005470308736 ,0.005423670483 ,0.000694530093 ,0.009877964498 ,0.2433231855 ,0.5681009385 ,0.5431947988 ,0.5352756639 ,0.5217510122 ,0.4879740405 ,0.4124567498 ,0.540683996 ,0.4847865242 ,0.0484952899 ,0.04177192834 ,0.01088955718 ,0.01084583054 ,0.0001251830591 ,0.001814381953 ,0.06730390028 ,0.4739513335 ,0.1768017286 ,0.1549246541 ,0.01780383369 ,0.004308446901 ,0.1937906963 ,0.1815352991 ,0.01170116928 ,0.0007575392766 ,0.1155367091 ,0.09728423399 ,0.01439349134 ,0.004332001314 
ZZZ_4l2v,5.590816433 ,2.582239508 ,2.510987791 ,2.48495991 ,2.473206652 ,2.241839904 ,0.2067170342 ,0.1853127615 ,0.03928282599 ,0.03874671869 ,7.410340186e-05 ,0.001830427335 ,0.0692130939 ,2.413842286 ,0.001955866491 ,0 ,7.760978042e-05 ,0.00131300937 ,0.001254534438 ,0 ,5.84749323e-05 ,0.0004582610418 ,0.0004784002012 ,0.000310934367 ,0.000310934367 ,0.0002261967165 ,8.473765047e-05 ,8.473765047e-05 ,0 ,0 ,0.0001674658342 ,0 ,0 ,0 ,0.0004784002012 ,0.07063094983 ,0.06478493399 ,0.05108074912 ,0.05060236402 ,0.05018219067 ,0.04961817889 ,0.04734738058 ,0.04959736583 ,0.01156804245 ,0.0327185641 ,0.03115578511 ,0.005544835846 ,0.005544835846 ,7.760978042e-05 ,0.001122280778 ,0.04988085857 ,2.432081619 ,2.346666841 ,2.324359387 ,2.313092948 ,2.290013316 ,2.223606975 ,2.334813024 ,2.144309406 ,0.1760451177 ,0.1538814408 ,0.02893704078 ,0.02887101143 ,0 ,0.000105905594 ,0.01642495013 ,2.330135985 ,0.5774187466 ,0.5029083976 ,0.06176559977 ,0.0131451498 ,1.627687222 ,1.543314524 ,0.07897509407 ,0.005648678255 ,0.08486825976 ,0.04799816389 ,0.03015028114 ,0.00828095601 
ZqqZll,6364.375823 ,234.627299 ,220.5995358 ,199.4042413 ,181.1877511 ,43.94150224 ,126.3720632 ,63.78943668 ,45.60004896 ,41.72842323 ,0 ,0.1724089508 ,5.083493672 ,194.1483387 ,0.1740411632 ,0.08605231252 ,0 ,0.01265871152 ,0.01265871152 ,0 ,0 ,0.07584512094 ,0 ,0 ,0 ,0 ,0 ,0 ,0 ,0 ,0 ,0 ,0 ,0 ,0 ,5.255902623 ,1.698753507 ,0.2514379635 ,0.2510744031 ,0.2516081546 ,0.2521692764 ,0.2262308961 ,0.2514379635 ,0 ,0.2514379635 ,0.1818952854 ,0 ,0 ,0 ,0 ,0.2514379635 ,199.1574199 ,177.6954996 ,149.4757882 ,143.3712258 ,136.7674053 ,126.5744901 ,161.37959 ,34.42578865 ,123.2976937 ,59.76354948 ,35.2014295 ,33.6874596 ,0 ,0.0988693067 ,3.950740636 ,173.6458896 ,85.68079203 ,10.73842595 ,71.42804913 ,3.920732406 ,2.345086122 ,0.3158018105 ,1.977276296 ,0.0520080151 ,48.19210835 ,15.38146294 ,22.23846917 ,21.4990674 
WqqZll,8817.067243 ,297.5950093 ,277.0960262 ,252.015623 ,225.9879903 ,29.8338076 ,199.7084196 ,80.3689029 ,49.57822621 ,45.64015407 ,0.0001952803868 ,0.1354431227 ,7.000893094 ,244.8790915 ,0.1407698957 ,0.1018318577 ,0 ,0.03623388303 ,0.005879629083 ,0 ,0.03035425395 ,0 ,0 ,0 ,0 ,0 ,0 ,0 ,0 ,0 ,0 ,0 ,0 ,0 ,0 ,7.136531497 ,1.767978845 ,0.2539505237 ,0.2538820095 ,0.2539775045 ,0.2471069135 ,0.2459698616 ,0.1920391154 ,0 ,0.2474277485 ,0.1055230959 ,0.02840754576 ,0.02840754576 ,0 ,0 ,0.2539505237 ,251.7715696 ,233.4790978 ,227.8850821 ,224.0345553 ,217.5065406 ,201.0246739 ,209.4412937 ,20.69514323 ,196.9940247 ,75.40647126 ,40.51727446 ,39.13520473 ,0.0002434876224 ,0.09796989256 ,6.027846237 ,227.3530382 ,151.4879372 ,7.296619254 ,140.3586343 ,4.858963033 ,4.047218243 ,0.1478750985 ,3.89922089 ,0.000122254045 ,61.63187135 ,11.58606306 ,39.09503222 ,33.11518544 
WWZ_3l1v2j,278.7250621 ,12.55825034 ,11.99795613 ,11.0224141 ,10.81213525 ,3.430447405 ,6.239266627 ,5.810360704 ,1.53130177 ,1.50440907 ,0 ,0.01256458927 ,0.376543044 ,10.63330647 ,0.0128516613 ,0.005104596028 ,0 ,0.007234916324 ,0.002200739691 ,0 ,0.005034176633 ,0 ,0 ,0 ,0 ,0 ,0 ,0 ,0 ,0 ,0 ,0 ,0 ,0 ,0 ,0.3891076333 ,0.1635945941 ,0.02145050373 ,0.01929565961 ,0.0167248596 ,0.01670161751 ,0.01661536377 ,0.01672437368 ,0.00253928802 ,0.01418508566 ,0.005808045389 ,0 ,0 ,0 ,0 ,0.02145050373 ,11.0007381 ,10.58864165 ,10.36611749 ,10.12103591 ,9.707077192 ,8.5490688 ,10.38009839 ,3.201071041 ,6.183439587 ,5.750096994 ,1.376215381 ,1.357611849 ,0 ,0.01015478512 ,0.3167679143 ,10.26171895 ,4.339482192 ,1.290239687 ,2.549229734 ,0.5279696567 ,0.4048919871 ,0.1020861007 ,0.2901199003 ,0.01688172226 ,4.943749973 ,1.567004473 ,2.795425196 ,0.7082321639 
WZZ_4l2j,24.89155502 ,11.15111744 ,10.84506588 ,10.73103185 ,10.6732486 ,9.508886486 ,1.001389882 ,0.9070617796 ,0.2401837544 ,0.2382788413 ,0.0003300066164 ,0.01881604582 ,0.4926351838 ,10.21925061 ,0.0195627924 ,0.001459608346 ,0.0001537947101 ,0.01440510426 ,0.008870133437 ,0.0008365496906 ,0.004698421134 ,0.002640079453 ,0.003744011633 ,0.0007289176428 ,0.0007289176428 ,0 ,0.0007289176428 ,0.0007289176428 ,0 ,0 ,0.002027635345 ,0 ,0.0009874586453 ,0 ,0.003744011633 ,0.5080421363 ,0.4676261219 ,0.3647010374 ,0.3544621383 ,0.3488369834 ,0.3366914277 ,0.3069514097 ,0.3350281307 ,0.1070539306 ,0.1914618625 ,0.1828511686 ,0.04004187892 ,0.03956991728 ,0.0001558571676 ,0.01049460989 ,0.3540505703 ,10.35550506 ,9.9944354 ,9.784079828 ,9.568631335 ,9.186805125 ,8.155094419 ,9.940160695 ,9.029818808 ,0.809311588 ,0.7145177276 ,0.1709593187 ,0.1703019846 ,0.0001712701487 ,0.00334272839 ,0.1200593493 ,9.870862052 ,2.391316187 ,2.049915187 ,0.2816249935 ,0.06307365314 ,6.305015333 ,5.996603822 ,0.2785632631 ,0.03109821744 ,0.4687947178 ,0.2433383438 ,0.1773929094 ,0.05635677732 
WZZ_3l1v2j,95.08482438 ,4.808973698 ,4.568901998 ,4.202715246 ,4.125268984 ,1.634929603 ,2.034146882 ,1.878595297 ,0.6017223898 ,0.5909430099 ,0 ,0.006536915345 ,0.1458173358 ,4.050360995 ,0.006774140784 ,0.002924717526 ,0 ,0.002896842314 ,0.002896842314 ,0 ,0 ,0.0008465356077 ,0.002148834232 ,0.0008465356077 ,0.0008465356077 ,0 ,0.0008465356077 ,0.0008465356077 ,0 ,0 ,0.001302298624 ,0 ,0 ,0 ,0.002148834232 ,0.1501240555 ,0.06076848922 ,0.01110077138 ,0.008798902459 ,0.008221363273 ,0.006242555081 ,0.006300931705 ,0.005348912565 ,0.001971153426 ,0.0042023082 ,0.003377759139 ,1.533321301e-05 ,1.533321301e-05 ,0 ,0 ,0.01110077138 ,4.189473328 ,3.984349853 ,3.274831823 ,3.125754825 ,2.920189284 ,2.587302203 ,3.916656732 ,1.523201198 ,2.002095805 ,1.841283739 ,0.5238144427 ,0.5222843719 ,0 ,0.003481692256 ,0.1215208715 ,3.859347289 ,1.3311287 ,0.4633071209 ,0.7516191604 ,0.131173185 ,0.1378729841 ,0.04975825927 ,0.08092494552 ,0.008111229035 ,1.438967603 ,0.5207396652 ,0.7435302654 ,0.2051707381 
WWW_3l3v,217.7407235 ,6.950023999 ,5.73156084 ,2.076332763 ,1.987643597 ,0.4522223688 ,1.36475561 ,1.237849526 ,0.2971954716 ,0.2971954716 ,0.004085390363 ,2.251683782e-06 ,0.03676183837 ,2.035483282 ,0.00433960801 ,0.00433960801 ,0 ,0 ,0 ,0 ,0 ,0 ,0 ,0 ,0 ,0 ,0 ,0 ,0 ,0 ,0 ,0 ,0 ,0 ,0 ,0.04084948041 ,0.01743987371 ,0.0006447712076 ,0.0006447712076 ,0.0006448738859 ,0.0006430498906 ,0.0006383059081 ,0 ,0 ,0.0006447712076 ,0 ,0 ,0 ,0 ,0 ,0.0006447712076 ,2.075532669 ,1.951321861 ,1.918178306 ,1.884544212 ,1.843916426 ,1.780740372 ,1.868754249 ,0.3736417612 ,1.349089917 ,1.220603568 ,0.2651495076 ,0.2651495076 ,0.003863685997 ,2.415417157e-06 ,0.03118252967 ,1.91627323 ,0.8368703361 ,0.151102251 ,0.5876275888 ,0.1204124495 ,0.09152976856 ,0.02941395389 ,0.06211581467 ,0 ,0.9136774919 ,0.1629428944 ,0.6404615839 ,0.1187752117 
WWZ_2l4v,5.753089534 ,0.1612363023 ,0.1433063019 ,0.04081333079 ,0.0342742285 ,0.002473739907 ,0.03180114611 ,0.0216111904 ,0.009288960369 ,0.007369005471 ,0 ,0 ,0 ,0.04081333079 ,0 ,0 ,0 ,0 ,0 ,0 ,0 ,0 ,0 ,0 ,0 ,0 ,0 ,0 ,0 ,0 ,0 ,0 ,0 ,0 ,0 ,0 ,0 ,0 ,0 ,0 ,0 ,0 ,0 ,0 ,0 ,0 ,0 ,0 ,0 ,0 ,0 ,0.04081333079 ,0.03241762036 ,0.03020798933 ,0.02843221772 ,0.02842351288 ,0.02706727694 ,0.02666266001 ,0.002346645575 ,0.02750979277 ,0.01736245514 ,0.004969320027 ,0.004969320027 ,0 ,0 ,0 ,0.03241762036 ,0.02012340171 ,0.002346645575 ,0.01777675614 ,0 ,0 ,0 ,0 ,0 ,0.008236321504 ,0 ,0.005675139488 ,0.004969320027 
WZZ_3l3v,28.14482833 ,0.8990605779 ,0.8614043881 ,0.788489188 ,0.7693552146 ,0.1851990875 ,0.5111011773 ,0.4699920561 ,0.09630706401 ,0.09444165947 ,0 ,1.877245268e-05 ,0.02540493413 ,0.7630654815 ,1.920272553e-05 ,1.920272553e-05 ,0 ,0 ,0 ,0 ,0 ,0 ,0 ,0 ,0 ,0 ,0 ,0 ,0 ,0 ,0 ,0 ,0 ,0 ,0 ,0.02542370658 ,0.01077076857 ,0.001610942621 ,0.001610942621 ,0.001611075539 ,0.001608588849 ,0.001601586147 ,0.0008061025583 ,0.0008048400632 ,0.0008061025583 ,0 ,0 ,0 ,0 ,0 ,0.001610942621 ,0.7868783521 ,0.7495236746 ,0.7370604048 ,0.7263231516 ,0.7168056484 ,0.6707479879 ,0.7322362721 ,0.1649708079 ,0.5059158727 ,0.4649720404 ,0.0824709939 ,0.0824709939 ,0 ,1.823377715e-05 ,0.01981708075 ,0.7296883601 ,0.301767453 ,0.06285075818 ,0.2108696187 ,0.02929065461 ,0.02704396802 ,0.005039821335 ,0.02090001444 ,0.001104132243 ,0.3877987678 ,0.08520599959 ,0.2551010669 ,0.05008212262 
ZZZ_2l4v,0.3179998883 ,0.007313165457 ,0.007078264219 ,0.006183281495 ,0.005528626194 ,0.0007496024054 ,0.0049037205 ,0.001599773767 ,0.001342467003 ,0.001342467003 ,0 ,0 ,0 ,0.006183281495 ,0 ,0 ,0 ,0 ,0 ,0 ,0 ,0 ,0 ,0 ,0 ,0 ,0 ,0 ,0 ,0 ,0 ,0 ,0 ,0 ,0 ,0 ,0 ,0 ,0 ,0 ,0 ,0 ,0 ,0 ,0 ,0 ,0 ,0 ,0 ,0 ,0 ,0.006183281495 ,0.006038775515 ,0.005861587292 ,0.005721579302 ,0.005579690008 ,0.004977395967 ,0.005384798231 ,0.0007484716334 ,0.004759960015 ,0.00144733042 ,0.001170922493 ,0.001170922493 ,0 ,0 ,0 ,0.006038775515 ,0.003594712726 ,1.162574335e-05 ,0.003454996266 ,0.0001280907163 ,0 ,0 ,0 ,0 ,0.001988755845 ,0.000560945351 ,0.001025557344 ,0.001042831776 
lllv,84462.04768 ,2551.289056 ,2415.757513 ,1583.407083 ,1507.740403 ,336.6476219 ,1070.371821 ,979.5927471 ,206.98008 ,203.0389162 ,0.04331400699 ,1.160681354 ,44.83769251 ,1537.365395 ,1.232153295 ,0.781247874 ,0.01667253929 ,0.3533632716 ,0.195520224 ,0.02599433633 ,0.1318487112 ,0.0544604053 ,0.1485262227 ,0.04170391224 ,0.04170391224 ,0.002157482086 ,0.03949810353 ,0.00919619808 ,0.003750271 ,4.832663035e-05 ,0.03398416962 ,5.058127135e-05 ,0.07278755953 ,0.001691327547 ,0.1468348951 ,45.89055175 ,19.19155154 ,2.145776205 ,2.073871518 ,2.065536826 ,2.031027546 ,1.9097293 ,1.986530997 ,0.08131776643 ,1.802184886 ,0.9727653272 ,0.3101859488 ,0.2516498751 ,0.00215844973 ,0.05294400227 ,2.090673753 ,1581.072743 ,1456.110508 ,1429.01898 ,1415.145623 ,1394.107282 ,1327.1019 ,1402.011507 ,290.1554257 ,1014.833179 ,924.6523336 ,173.7895809 ,172.0728526 ,0.0389629819 ,0.8519945478 ,36.42596855 ,1418.793582 ,641.3159558 ,124.3675686 ,450.8063011 ,71.50060321 ,54.73425639 ,8.705292688 ,44.19190487 ,2.041230036 ,697.3536032 ,138.4529485 ,483.6453625 ,91.09355786 
llvv,15795.46456 ,402.6930583 ,303.3800822 ,101.101076 ,87.80576379 ,6.197941184 ,89.28356312 ,24.10197542 ,14.49903059 ,13.08779779 ,0 ,0.2161295981 ,3.035049461 ,97.84989697 ,0.2232637408 ,0.2232637408 ,0 ,0 ,0 ,0 ,0 ,0 ,0 ,0 ,0 ,0 ,0 ,0 ,0 ,0 ,0 ,0 ,0 ,0 ,0 ,3.251179059 ,0.9872115061 ,0.224280746 ,0.224280746 ,0.2242916405 ,0.2240593359 ,0.2233707894 ,0.1604662193 ,0 ,0.224280746 ,0.1019856399 ,0.0301916413 ,0.0301916413 ,0 ,0 ,0.224280746 ,100.8955951 ,92.95603726 ,91.79438317 ,90.93218637 ,89.56255935 ,85.57877557 ,80.70863103 ,3.152280918 ,85.90110544 ,21.32598893 ,11.99563677 ,11.52266529 ,0 ,0.2254465549 ,2.528027369 ,90.20256333 ,57.64171119 ,1.20835412 ,54.77440547 ,3.170554796 ,1.91068732 ,0.01019909087 ,1.886659511 ,0.08401181572 ,30.0036755 ,1.628085512 ,26.35738357 ,7.918873324 
lllljj,359.315826 ,143.0235082 ,138.5716309 ,86.87666532 ,85.17735169 ,70.90249355 ,8.877779222 ,8.055706763 ,7.782354159 ,6.957058401 ,0.004487797238 ,0.158789649 ,4.101992409 ,82.61139547 ,0.1673435829 ,0.003989852648 ,0.00446760786 ,0.128901826 ,0.0892564399 ,0.002220228664 ,0.03742515743 ,0.02832051619 ,0.05491817369 ,0.01637834334 ,0.01637834334 ,0.003167665447 ,0.01321067789 ,0.01321067789 ,0.0006557303714 ,0.0006557303714 ,0.02722793753 ,0 ,0.01131189282 ,0 ,0.05491817369 ,4.213331315 ,3.914900807 ,1.559972927 ,1.539875076 ,1.51025907 ,1.454516277 ,1.328255424 ,1.449402343 ,0.3173137496 ,1.040186388 ,0.9903158946 ,0.1124855095 ,0.1105683376 ,0.004413223127 ,0.04096523668 ,1.514594467 ,85.26062428 ,64.2783727 ,63.31689574 ,62.45370273 ,60.6625572 ,55.6904308 ,63.38632779 ,55.27856738 ,6.978804349 ,6.21867387 ,2.438228733 ,2.404148586 ,1.608975253e-05 ,0.03271800774 ,1.674144384 ,62.57149422 ,32.13483486 ,27.43104843 ,3.219424073 ,1.570751698 ,24.47443522 ,23.35738603 ,1.022483863 ,0.09965899233 ,4.000662903 ,1.391968413 ,2.254943341 ,0.6551595669 
lllvjj,1177.41821 ,56.35554774 ,53.64067157 ,36.9890113 ,35.73147922 ,8.841867358 ,25.07108403 ,23.10965503 ,3.648994288 ,3.593558989 ,1.498153779e-05 ,0.04747401509 ,1.292372095 ,35.6491502 ,0.04823208455 ,0.029815936 ,1.790852548e-05 ,0.01636125402 ,0.008013396789 ,0.0005408319412 ,0.007807025293 ,0.001632508414 ,0.007226102825 ,0 ,0 ,0 ,0 ,0 ,0 ,0 ,0.003918359464 ,0.0005408319412 ,0.002766911421 ,0 ,0.007226102825 ,1.332453102 ,0.4947720995 ,0.0615955965 ,0.05945840502 ,0.05796487939 ,0.05627663191 ,0.05305298867 ,0.05630118317 ,0.004958074591 ,0.0493160942 ,0.02420009343 ,0.01015574166 ,0.01015574166 ,1.919612441e-05 ,0.001575315928 ,0.06000108445 ,36.92048318 ,34.79965192 ,34.14597125 ,33.65092528 ,32.73228255 ,30.11759544 ,33.91246192 ,7.771393082 ,24.42968066 ,22.4465496 ,3.013331575 ,2.986756575 ,0 ,0.03401204413 ,1.096133572 ,33.6695063 ,15.13903972 ,3.335534277 ,10.74819341 ,1.151144398 ,1.287794555 ,0.2209198934 ,1.037427633 ,0.03628597663 ,16.27637686 ,3.699310927 ,11.28995553 ,1.578708032 
llvvjj,416.7628012 ,13.89066382 ,10.80012647 ,3.527743901 ,3.108555452 ,0.2165059173 ,3.064070147 ,1.164377922 ,0.4451608549 ,0.4203349596 ,0 ,0.013339784 ,0.1540434653 ,3.360360651 ,0.01355561521 ,0.01355561521 ,0 ,0 ,0 ,0 ,0 ,0 ,0 ,0 ,0 ,0 ,0 ,0 ,0 ,0 ,0 ,0 ,0 ,0 ,0 ,0.1673832493 ,0.03836349328 ,0 ,0 ,0 ,0 ,0 ,0 ,0 ,0 ,0 ,0 ,0 ,0 ,0 ,0 ,3.527743901 ,3.311052131 ,3.297536381 ,3.255966353 ,3.172514821 ,2.891173796 ,2.9407727 ,0.1614034488 ,2.987480766 ,1.059294007 ,0.3220346352 ,0.29618011 ,0 ,0 ,0.1194135365 ,3.191638595 ,1.833513185 ,0.09537848225 ,1.658371131 ,0.1205980006 ,0.08097357024 ,0 ,0.08097357024 ,0 ,1.253183816 ,0.06602496654 ,1.104754505 ,0.1884832722 
llll_lowMllPt,35734.38283 ,7545.167332 ,7302.326421 ,3502.384553 ,3158.168053 ,1293.779276 ,416.7472493 ,386.6287158 ,1931.736499 ,1506.405936 ,0 ,3.337355741 ,96.126113 ,3402.921084 ,3.40035376 ,0.257925272 ,0 ,3.039432839 ,2.633035332 ,0 ,0.4063975066 ,0 ,1.141992941 ,0 ,0 ,0 ,0 ,0 ,0 ,0 ,0.8670526594 ,0 ,0.2749402821 ,0 ,1.141992941 ,98.35345017 ,89.58220617 ,0.2102170438 ,0.2102170438 ,0.2102170438 ,0.2102170438 ,0.2102170438 ,0.2102170438 ,0 ,0.2102170438 ,0 ,0 ,0 ,0 ,0 ,0.2102170438 ,3501.04758 ,388.7088181 ,384.0581908 ,379.569291 ,375.9167691 ,367.3570008 ,354.6006098 ,48.4191163 ,268.0713723 ,243.3121597 ,139.8978559 ,132.6929662 ,0 ,0.510661873 ,7.306313989 ,380.8918422 ,137.2736637 ,25.246729 ,63.2240621 ,50.79161794 ,3.41369886 ,0.5420500636 ,2.091861106 ,1.063483804 ,234.9834243 ,19.00960965 ,195.2799201 ,83.62313104 
lllv_lowMllPt,20415.64891 ,586.727687 ,559.44746 ,64.42542401 ,40.68792761 ,5.867926233 ,54.1726526 ,47.11254118 ,23.08526685 ,19.84798513 ,0 ,0.03300182521 ,2.20173838 ,62.1906838 ,0.03365107998 ,0 ,0 ,0.03367719054 ,0.03367719054 ,0 ,0 ,0 ,0 ,0 ,0 ,0 ,0 ,0 ,0 ,0 ,0 ,0 ,0 ,0 ,0 ,2.234740205 ,1.584119787 ,0 ,0 ,0 ,0 ,0 ,0 ,0 ,0 ,0 ,0 ,0 ,0 ,0 ,0 ,64.42542401 ,9.16360196 ,9.159801202 ,8.927406916 ,8.564394345 ,8.412512139 ,6.063721425 ,0.447070559 ,8.19175177 ,3.121821969 ,3.362369792 ,3.196094359 ,0 ,0 ,0.3504791863 ,8.813122774 ,3.539621678 ,0.2386910948 ,3.167200429 ,1.38111236 ,0.0009164397488 ,0 ,0.0009164397488 ,0 ,5.015413793 ,0.1309884079 ,4.520471768 ,1.900622717 
llvv_lowMllPt,96.47294111 ,2.555247064 ,2.448417811 ,0.5335458815 ,0 ,0 ,0.5335458815 ,0.5335458815 ,0 ,0 ,0 ,0 ,0 ,0.5335458815 ,0 ,0 ,0 ,0 ,0 ,0 ,0 ,0 ,0 ,0 ,0 ,0 ,0 ,0 ,0 ,0 ,0 ,0 ,0 ,0 ,0 ,0 ,0 ,0 ,0 ,0 ,0 ,0 ,0 ,0 ,0 ,0 ,0 ,0 ,0 ,0 ,0 ,0.5335458815 ,0 ,0 ,0 ,0 ,0 ,0 ,0 ,0 ,0 ,0 ,0 ,0 ,0 ,0 ,0 ,0 ,0 ,0 ,0 ,0 ,0 ,0 ,0 ,0 ,0 ,0 ,0 
